Index,ROI,NAA+NAAG,Glu+Gln,Ins+Gly,GABA+Glu,TwoHG+Gln,GPC+PCh,Cr+PCr,Cys,GABA,Glu,Gln,Gly,GSH,Ins,NAA,NAAG,Ser,Tau,TwoHG,MM,NAA+NAAG,Glu+Gln,Ins+Gly,GABA+Glu,TwoHG+Gln,GPC+PChToNAA,Cr+PCrToNAA,CysToNAA,GABAToNAA,GluToNAA,GlnToNAA,GlyToNAA,GSHToNAA,InsToNAA,SerToNAA,TauToNAA,TwoHGToNAA,MMToNAA,Glu+GlnToNAA,Ins+GlyToNAA,GABA+GluToNAA,TwoHG+GlnToNAA,GPC+PChToNAA+NAAG,Cr+PCrToNAA+NAAG,CysToNAA+NAAG,GABAToNAA+NAAG,GluToNAA+NAAG,GlnToNAA+NAAG,GlyToNAA+NAAG,GSHToNAA+NAAG,InsToNAA+NAAG,SerToNAA+NAAG,TauToNAA+NAAG,TwoHGToNAA+NAAG,MMToNAA+NAAG,Glu+GlnToNAA+NAAG,Ins+GlyToNAA+NAAG,GABA+GluToNAA+NAAG,TwoHG+GlnToNAA+NAAG,GPC+PChToCr+PCr,CysToCr+PCr,GABAToCr+PCr,GluToCr+PCr,GlnToCr+PCr,GlyToCr+PCr,GSHToCr+PCr,InsToCr+PCr,NAAToCr+PCr,NAAGToCr+PCr,SerToCr+PCr,TauToCr+PCr,TwoHGToCr+PCr,MMToCr+PCr,NAA+NAAGToCr+PCr,Glu+GlnToCr+PCr,Ins+GlyToCr+PCr,GABA+GluToCr+PCr,TwoHG+GlnToCr+PCr,TwoHGToGPC+PCh,TwoHGToCys,TwoHGToGABA,TwoHGToGlu,TwoHGToGln,TwoHGToGly,TwoHGToGSH,TwoHGToIns,TwoHGToNAAG,TwoHGToSer,TwoHGToTau,TwoHGToMM,TwoHGToGlu+Gln,TwoHGToIns+Gly,TwoHGToGABA+Glu,TwoHGToTwoHG+Gln,Cr+PCrToGPC+PCh,CysToGPC+PCh,GABAToGPC+PCh,GluToGPC+PCh,GlnToGPC+PCh,GlyToGPC+PCh,GSHToGPC+PCh,InsToGPC+PCh,NAAToGPC+PCh,NAAGToGPC+PCh,SerToGPC+PCh,TauToGPC+PCh,MMToGPC+PCh,NAA+NAAGToGPC+PCh,Glu+GlnToGPC+PCh,Ins+GlyToGPC+PCh,GABA+GluToGPC+PCh,TwoHG+GlnToGPC+PCh,GlyToIns,GlyToGly+Ins,GlnToGlu+Gln,GluToGlu+Gln
0,Subcortical WM (left),11.71,9.8,6.07,9.43,2.32,1.89,7.24,1.0,1.75,7.68,2.12,0.92,0.91,5.15,9.78,1.93,1.94,2.11,0.2,0.2,11.71,9.8,6.07,9.43,2.32,0.1933,0.7403,0.1022,0.1789,0.7853,0.2168,0.0941,0.093,0.5266,0.1984,0.2157,0.0204,0.0204,1.002,0.6207,0.9642,0.2372,0.1614,0.6183,0.0854,0.1494,0.6558,0.181,0.0786,0.0777,0.4398,0.1657,0.1802,0.0171,0.0171,0.8369,0.5184,0.8053,0.1981,0.261,0.1381,0.2417,1.0608,0.2928,0.1271,0.1257,0.7113,1.3508,0.2666,0.268,0.2914,0.0276,0.0276,1.6174,1.3536,0.8384,1.3025,0.3204,0.1058,0.2,0.1143,0.026,0.0943,0.2174,0.2198,0.0388,0.1036,0.1031,0.0948,1.0,0.0204,0.0329,0.0212,0.0862,3.8307,0.5291,0.9259,4.0635,1.1217,0.4868,0.4815,2.7249,5.1746,1.0212,1.0265,1.1164,0.1058,6.1958,5.1852,3.2116,4.9894,1.2275,0.1786,0.1516,0.2163,0.7837
1,Subcortical WM (right),11.62,9.66,6.24,9.43,2.19,1.95,7.25,0.97,1.76,7.67,1.99,0.89,0.9,5.35,9.67,1.95,1.83,2.09,0.2,0.2,11.62,9.66,6.24,9.43,2.19,0.2017,0.7497,0.1003,0.182,0.7932,0.2058,0.092,0.0931,0.5533,0.1892,0.2161,0.0207,0.0207,0.999,0.6453,0.9752,0.2265,0.1678,0.6239,0.0835,0.1515,0.6601,0.1713,0.0766,0.0775,0.4604,0.1575,0.1799,0.0172,0.0172,0.8313,0.537,0.8115,0.1885,0.269,0.1338,0.2428,1.0579,0.2745,0.1228,0.1241,0.7379,1.3338,0.269,0.2524,0.2883,0.0276,0.0276,1.6028,1.3324,0.8607,1.3007,0.3021,0.1026,0.2062,0.1136,0.0261,0.1005,0.2247,0.2222,0.0374,0.1026,0.1093,0.0957,1.0,0.0207,0.0321,0.0212,0.0913,3.7179,0.4974,0.9026,3.9333,1.0205,0.4564,0.4615,2.7436,4.959,1.0,0.9385,1.0718,0.1026,5.959,4.9538,3.2,4.8359,1.1231,0.1664,0.1426,0.206,0.794
2,Subcortical WM (bilateral),11.66,9.72,6.15,9.43,2.25,1.92,7.24,0.99,1.75,7.67,2.05,0.9,0.91,5.24,9.73,1.94,1.89,2.1,0.2,0.2,11.66,9.72,6.15,9.42,2.25,0.1973,0.7441,0.1017,0.1799,0.7883,0.2107,0.0925,0.0935,0.5385,0.1942,0.2158,0.0206,0.0206,0.999,0.6321,0.9681,0.2312,0.1647,0.6209,0.0849,0.1501,0.6578,0.1758,0.0772,0.078,0.4494,0.1621,0.1801,0.0172,0.0172,0.8336,0.5274,0.8079,0.193,0.2652,0.1367,0.2417,1.0594,0.2831,0.1243,0.1257,0.7238,1.3439,0.268,0.261,0.2901,0.0276,0.0276,1.6105,1.3425,0.8494,1.3011,0.3108,0.1042,0.202,0.1143,0.0261,0.0976,0.2222,0.2198,0.0382,0.1031,0.1058,0.0952,1.0,0.0206,0.0325,0.0212,0.0889,3.7708,0.5156,0.9115,3.9948,1.0677,0.4688,0.474,2.7292,5.0677,1.0104,0.9844,1.0938,0.1042,6.0729,5.0625,3.2031,4.9062,1.1719,0.1718,0.1463,0.2109,0.7891
3,Motor subcortex WM,13.23,9.61,6.51,9.63,1.9,2.0,7.96,1.19,1.73,7.9,1.7,1.06,0.74,5.45,10.72,2.51,1.71,2.3,0.2,0.2,13.23,9.61,6.51,9.63,1.9,0.1866,0.7425,0.111,0.1614,0.7369,0.1586,0.0989,0.069,0.5084,0.1595,0.2146,0.0187,0.0187,0.8965,0.6073,0.8983,0.1772,0.1512,0.6017,0.0899,0.1308,0.5971,0.1285,0.0801,0.0559,0.4119,0.1293,0.1738,0.0151,0.0151,0.7264,0.4921,0.7279,0.1436,0.2513,0.1495,0.2173,0.9925,0.2136,0.1332,0.093,0.6847,1.3467,0.3153,0.2148,0.2889,0.0251,0.0251,1.6621,1.2073,0.8178,1.2098,0.2387,0.1,0.1681,0.1156,0.0253,0.1176,0.1887,0.2703,0.0367,0.0797,0.117,0.087,1.0,0.0208,0.0307,0.0208,0.1053,3.98,0.595,0.865,3.95,0.85,0.53,0.37,2.725,5.36,1.255,0.855,1.15,0.1,6.615,4.805,3.255,4.815,0.95,0.1945,0.1628,0.1769,0.8221
4,Motor cortex GM,12.34,10.47,6.32,10.26,2.25,1.71,7.55,1.17,1.84,8.42,2.05,0.93,0.61,5.39,10.15,2.18,1.78,2.51,0.2,0.2,12.34,10.47,6.32,10.26,2.25,0.1685,0.7438,0.1153,0.1813,0.8296,0.202,0.0916,0.0601,0.531,0.1754,0.2473,0.0197,0.0197,1.0315,0.6227,1.0108,0.2217,0.1386,0.6118,0.0948,0.1491,0.6823,0.1661,0.0754,0.0494,0.4368,0.1442,0.2034,0.0162,0.0162,0.8485,0.5122,0.8314,0.1823,0.2265,0.155,0.2437,1.1152,0.2715,0.1232,0.0808,0.7139,1.3444,0.2887,0.2358,0.3325,0.0265,0.0265,1.6344,1.3868,0.8371,1.3589,0.298,0.117,0.1709,0.1087,0.0238,0.0976,0.2151,0.3279,0.0371,0.0917,0.1124,0.0797,1.0,0.0191,0.0316,0.0195,0.0889,4.4152,0.6842,1.076,4.924,1.1988,0.5439,0.3567,3.152,5.9357,1.2749,1.0409,1.4678,0.117,7.2164,6.1228,3.6959,6.0,1.3158,0.1725,0.1472,0.1958,0.8042
5,Motor cortex/subcortex GM+WM,12.85,9.97,6.43,9.91,2.05,1.87,7.78,1.19,1.78,8.13,1.85,1.0,0.68,5.42,10.48,2.37,1.74,2.39,0.2,0.2,12.85,9.97,6.43,9.91,2.05,0.1784,0.7424,0.1135,0.1698,0.7758,0.1765,0.0954,0.0649,0.5172,0.166,0.2281,0.0191,0.0191,0.9513,0.6135,0.9456,0.1956,0.1455,0.6054,0.0926,0.1385,0.6327,0.144,0.0778,0.0529,0.4218,0.1354,0.186,0.0156,0.0156,0.7759,0.5004,0.7712,0.1595,0.2404,0.153,0.2288,1.045,0.2378,0.1285,0.0874,0.6967,1.347,0.3046,0.2237,0.3072,0.0257,0.0257,1.6517,1.2815,0.8265,1.2738,0.2635,0.107,0.1681,0.1124,0.0246,0.1081,0.2,0.2941,0.0369,0.0844,0.1149,0.0837,1.0,0.0201,0.0311,0.0202,0.0976,4.1604,0.6364,0.9519,4.3476,0.9893,0.5348,0.3636,2.8984,5.6043,1.2674,0.9305,1.2781,0.107,6.8717,5.3316,3.4385,5.2995,1.0963,0.1845,0.1555,0.1856,0.8154
6,Parietal subcortex WM,12.35,9.54,6.51,9.49,2.1,1.84,7.51,1.08,1.85,7.64,1.9,0.97,0.8,5.54,10.21,2.15,1.68,2.14,0.2,0.2,12.35,9.54,6.51,9.49,2.1,0.1802,0.7356,0.1058,0.1812,0.7483,0.1861,0.095,0.0784,0.5426,0.1645,0.2096,0.0196,0.0196,0.9344,0.6376,0.9295,0.2057,0.149,0.6081,0.0874,0.1498,0.6186,0.1538,0.0785,0.0648,0.4486,0.136,0.1733,0.0162,0.0162,0.7725,0.5271,0.7684,0.17,0.245,0.1438,0.2463,1.0173,0.253,0.1292,0.1065,0.7377,1.3595,0.2863,0.2237,0.285,0.0266,0.0266,1.6445,1.2703,0.8668,1.2636,0.2796,0.1087,0.1852,0.1081,0.0262,0.1053,0.2062,0.25,0.0361,0.093,0.119,0.0935,1.0,0.021,0.0307,0.0211,0.0952,4.0815,0.587,1.0054,4.1522,1.0326,0.5272,0.4348,3.0109,5.5489,1.1685,0.913,1.163,0.1087,6.712,5.1848,3.538,5.1576,1.1413,0.1751,0.149,0.1992,0.8008
7,Parietal cortex GM,12.1,10.79,6.53,10.61,2.44,1.64,7.57,1.12,2.06,8.55,2.24,0.92,0.69,5.61,10.09,2.02,1.78,2.41,0.2,0.2,12.1,10.79,6.53,10.61,2.44,0.1625,0.7502,0.111,0.2042,0.8474,0.222,0.0912,0.0684,0.556,0.1764,0.2389,0.0198,0.0198,1.0694,0.6472,1.0515,0.2418,0.1355,0.6256,0.0926,0.1702,0.7066,0.1851,0.076,0.057,0.4636,0.1471,0.1992,0.0165,0.0165,0.8917,0.5397,0.8769,0.2017,0.2166,0.148,0.2721,1.1295,0.2959,0.1215,0.0911,0.7411,1.3329,0.2668,0.2351,0.3184,0.0264,0.0264,1.5984,1.4254,0.8626,1.4016,0.3223,0.122,0.1786,0.0971,0.0234,0.0893,0.2174,0.2899,0.0357,0.099,0.1124,0.083,1.0,0.0185,0.0306,0.0189,0.082,4.6159,0.6829,1.2561,5.2134,1.3659,0.561,0.4207,3.4207,6.1524,1.2317,1.0854,1.4695,0.122,7.378,6.5793,3.9817,6.4695,1.4878,0.164,0.1409,0.2076,0.7924
8,Parietal cortex/subcortex GM+WM,12.23,10.13,6.52,10.02,2.26,1.74,7.54,1.1,1.95,8.07,2.06,0.94,0.75,5.58,10.15,2.08,1.72,2.27,0.2,0.2,12.23,10.13,6.52,10.02,2.26,0.1714,0.7429,0.1084,0.1921,0.7951,0.203,0.0926,0.0739,0.5498,0.1695,0.2236,0.0197,0.0197,0.998,0.6424,0.9872,0.2227,0.1423,0.6165,0.0899,0.1594,0.6599,0.1684,0.0769,0.0613,0.4563,0.1406,0.1856,0.0164,0.0164,0.8283,0.5331,0.8193,0.1848,0.2308,0.1459,0.2586,1.0703,0.2732,0.1247,0.0995,0.7401,1.3462,0.2759,0.2281,0.3011,0.0265,0.0265,1.622,1.3435,0.8647,1.3289,0.2997,0.1149,0.1818,0.1026,0.0248,0.0971,0.2128,0.2667,0.0358,0.0962,0.1163,0.0881,1.0,0.0197,0.0307,0.02,0.0885,4.3333,0.6322,1.1207,4.6379,1.1839,0.5402,0.431,3.2069,5.8333,1.1954,0.9885,1.3046,0.1149,7.0287,5.8218,3.7471,5.7586,1.2989,0.1685,0.1442,0.2034,0.7966
9,Cingulate subcortex WM,12.6,9.88,7.05,9.98,2.03,2.32,7.55,1.1,1.93,8.06,1.83,1.06,1.22,5.99,10.55,2.06,2.26,2.09,0.2,0.2,12.6,9.88,7.05,9.99,2.03,0.2199,0.7156,0.1043,0.1829,0.764,0.1735,0.1005,0.1156,0.5678,0.2142,0.1981,0.019,0.019,0.9365,0.6682,0.9469,0.1924,0.1841,0.5992,0.0873,0.1532,0.6397,0.1452,0.0841,0.0968,0.4754,0.1794,0.1659,0.0159,0.0159,0.7841,0.5595,0.7929,0.1611,0.3073,0.1457,0.2556,1.0675,0.2424,0.1404,0.1616,0.7934,1.3974,0.2728,0.2993,0.2768,0.0265,0.0265,1.6689,1.3086,0.9338,1.3232,0.2689,0.0862,0.1818,0.1036,0.0248,0.1093,0.1887,0.1639,0.0334,0.0971,0.0885,0.0957,1.0,0.0202,0.0284,0.02,0.0985,3.2543,0.4741,0.8319,3.4741,0.7888,0.4569,0.5259,2.5819,4.5474,0.8879,0.9741,0.9009,0.0862,5.431,4.2586,3.0388,4.306,0.875,0.177,0.1504,0.1852,0.8158
10,Cingulate  cortex GM,12.92,12.61,7.61,12.5,2.67,2.22,8.45,1.26,2.36,10.14,2.47,1.0,1.05,6.6,10.86,2.06,2.4,2.81,0.2,0.2,12.92,12.61,7.61,12.5,2.67,0.2044,0.7781,0.116,0.2173,0.9337,0.2274,0.0921,0.0967,0.6077,0.221,0.2587,0.0184,0.0184,1.1611,0.7007,1.151,0.2459,0.1718,0.654,0.0975,0.1827,0.7848,0.1912,0.0774,0.0813,0.5108,0.1858,0.2175,0.0155,0.0155,0.976,0.589,0.9675,0.2067,0.2627,0.1491,0.2793,1.2,0.2923,0.1183,0.1243,0.7811,1.2852,0.2438,0.284,0.3325,0.0237,0.0237,1.529,1.4923,0.9006,1.4793,0.316,0.0901,0.1587,0.0847,0.0197,0.081,0.2,0.1905,0.0303,0.0971,0.0833,0.0712,1.0,0.0159,0.0263,0.016,0.0749,3.8063,0.5676,1.0631,4.5676,1.1126,0.4505,0.473,2.973,4.8919,0.9279,1.0811,1.2658,0.0901,5.8198,5.6802,3.4279,5.6306,1.2027,0.1515,0.1314,0.1959,0.8041
11,Cingulate cortex/subcortex GM+WM,12.74,11.08,7.29,11.09,2.3,2.28,7.94,1.17,2.12,8.98,2.1,1.03,1.14,6.26,10.68,2.06,2.32,2.41,0.2,0.2,12.74,11.08,7.29,11.1,2.3,0.2135,0.7434,0.1096,0.1985,0.8408,0.1966,0.0964,0.1067,0.5861,0.2172,0.2257,0.0187,0.0187,1.0375,0.6826,1.0393,0.2154,0.179,0.6232,0.0918,0.1664,0.7049,0.1648,0.0808,0.0895,0.4914,0.1821,0.1892,0.0157,0.0157,0.8697,0.5722,0.8713,0.1805,0.2872,0.1474,0.267,1.131,0.2645,0.1297,0.1436,0.7884,1.3451,0.2594,0.2922,0.3035,0.0252,0.0252,1.6045,1.3955,0.9181,1.398,0.2897,0.0877,0.1709,0.0943,0.0223,0.0952,0.1942,0.1754,0.0319,0.0971,0.0862,0.083,1.0,0.0181,0.0274,0.018,0.087,3.4825,0.5132,0.9298,3.9386,0.9211,0.4518,0.5,2.7456,4.6842,0.9035,1.0175,1.057,0.0877,5.5877,4.8596,3.1974,4.8684,1.0088,0.1645,0.1413,0.1895,0.8105
12,Visual subcortex WM,11.26,8.74,5.56,8.57,2.3,1.54,6.74,0.98,1.93,6.64,2.1,0.96,0.92,4.6,9.31,1.95,2.09,1.88,0.2,0.2,11.26,8.74,5.56,8.57,2.3,0.1654,0.724,0.1053,0.2073,0.7132,0.2256,0.1031,0.0988,0.4941,0.2245,0.2019,0.0215,0.0215,0.9388,0.5972,0.9205,0.247,0.1368,0.5986,0.087,0.1714,0.5897,0.1865,0.0853,0.0817,0.4085,0.1856,0.167,0.0178,0.0178,0.7762,0.4938,0.7611,0.2043,0.2285,0.1454,0.2864,0.9852,0.3116,0.1424,0.1365,0.6825,1.3813,0.2893,0.3101,0.2789,0.0297,0.0297,1.6706,1.2967,0.8249,1.2715,0.3412,0.1299,0.2041,0.1036,0.0301,0.0952,0.2083,0.2174,0.0435,0.1026,0.0957,0.1064,1.0,0.0229,0.036,0.0233,0.087,4.3766,0.6364,1.2532,4.3117,1.3636,0.6234,0.5974,2.987,6.0455,1.2662,1.3571,1.2208,0.1299,7.3117,5.6753,3.6104,5.5649,1.4935,0.2087,0.1727,0.2403,0.7597
13,Primary somatosensory subcortex WM,12.23,9.95,6.11,9.51,2.27,1.73,7.57,1.18,1.63,7.88,2.07,0.9,0.66,5.21,10.06,2.17,1.74,2.23,0.2,0.2,12.23,9.95,6.11,9.51,2.27,0.172,0.7525,0.1173,0.162,0.7833,0.2058,0.0895,0.0656,0.5179,0.173,0.2217,0.0199,0.0199,0.9891,0.6074,0.9453,0.2256,0.1415,0.619,0.0965,0.1333,0.6443,0.1693,0.0736,0.054,0.426,0.1423,0.1823,0.0164,0.0164,0.8136,0.4996,0.7776,0.1856,0.2285,0.1559,0.2153,1.041,0.2734,0.1189,0.0872,0.6882,1.3289,0.2867,0.2299,0.2946,0.0264,0.0264,1.6156,1.3144,0.8071,1.2563,0.2999,0.1156,0.1695,0.1227,0.0254,0.0966,0.2222,0.303,0.0384,0.0922,0.1149,0.0897,1.0,0.0201,0.0327,0.021,0.0881,4.3757,0.6821,0.9422,4.5549,1.1965,0.5202,0.3815,3.0116,5.815,1.2543,1.0058,1.289,0.1156,7.0694,5.7514,3.5318,5.4971,1.3121,0.1727,0.1473,0.208,0.792
14,Primary somatosensory cortex/subcortex GM+WM,11.8,10.02,6.05,9.52,2.32,1.65,7.4,1.15,1.62,7.9,2.12,0.89,0.62,5.16,9.73,2.08,1.73,2.3,0.2,0.2,11.8,10.02,6.05,9.52,2.32,0.1696,0.7605,0.1182,0.1665,0.8119,0.2179,0.0915,0.0637,0.5303,0.1778,0.2364,0.0206,0.0206,1.0298,0.6218,0.9784,0.2384,0.1398,0.6271,0.0975,0.1373,0.6695,0.1797,0.0754,0.0525,0.4373,0.1466,0.1949,0.0169,0.0169,0.8492,0.5127,0.8068,0.1966,0.223,0.1554,0.2189,1.0676,0.2865,0.1203,0.0838,0.6973,1.3149,0.2811,0.2338,0.3108,0.027,0.027,1.5946,1.3541,0.8176,1.2865,0.3135,0.1212,0.1739,0.1235,0.0253,0.0943,0.2247,0.3226,0.0388,0.0962,0.1156,0.087,1.0,0.02,0.0331,0.021,0.0862,4.4848,0.697,0.9818,4.7879,1.2848,0.5394,0.3758,3.1273,5.897,1.2606,1.0485,1.3939,0.1212,7.1515,6.0727,3.6667,5.7697,1.4061,0.1725,0.1471,0.2116,0.7884
15,Thalamus,13.18,11.7,7.41,11.65,2.72,2.4,8.81,1.32,2.47,9.18,2.52,1.16,1.37,6.24,10.6,2.58,2.69,2.41,0.2,0.2,13.18,11.7,7.41,11.65,2.72,0.2264,0.8311,0.1245,0.233,0.866,0.2377,0.1094,0.1292,0.5887,0.2538,0.2274,0.0189,0.0189,1.1038,0.6991,1.0991,0.2566,0.1821,0.6684,0.1002,0.1874,0.6965,0.1912,0.088,0.1039,0.4734,0.2041,0.1829,0.0152,0.0152,0.8877,0.5622,0.8839,0.2064,0.2724,0.1498,0.2804,1.042,0.286,0.1317,0.1555,0.7083,1.2032,0.2928,0.3053,0.2736,0.0227,0.0227,1.496,1.328,0.8411,1.3224,0.3087,0.0833,0.1515,0.081,0.0218,0.0794,0.1724,0.146,0.0321,0.0775,0.0743,0.083,1.0,0.0171,0.027,0.0172,0.0735,3.6708,0.55,1.0292,3.825,1.05,0.4833,0.5708,2.6,4.4167,1.075,1.1208,1.0042,0.0833,5.4917,4.875,3.0875,4.8542,1.1333,0.1859,0.1565,0.2154,0.7846
16,Putamen,11.4,12.33,5.95,11.03,3.33,2.27,9.36,1.18,1.83,9.2,3.13,0.87,1.33,5.09,9.58,1.83,2.8,2.26,0.2,0.2,11.4,12.33,5.95,11.03,3.33,0.237,0.977,0.1232,0.191,0.9603,0.3267,0.0908,0.1388,0.5313,0.2923,0.2359,0.0209,0.0209,1.2871,0.6211,1.1514,0.3476,0.1991,0.8211,0.1035,0.1605,0.807,0.2746,0.0763,0.1167,0.4465,0.2456,0.1982,0.0175,0.0175,1.0816,0.5219,0.9675,0.2921,0.2425,0.1261,0.1955,0.9829,0.3344,0.0929,0.1421,0.5438,1.0235,0.1955,0.2991,0.2415,0.0214,0.0214,1.2179,1.3173,0.6357,1.1784,0.3558,0.0881,0.1695,0.1093,0.0217,0.0639,0.2299,0.1504,0.0393,0.1093,0.0714,0.0885,1.0,0.0162,0.0336,0.0181,0.0601,4.1233,0.5198,0.8062,4.0529,1.3789,0.3833,0.5859,2.2423,4.2203,0.8062,1.2335,0.9956,0.0881,5.022,5.4317,2.6211,4.859,1.467,0.1709,0.1462,0.2539,0.7461
17,Non-lobe WM,12.09,7.77,6.38,7.78,1.79,2.42,7.59,0.95,1.6,6.18,1.59,1.05,1.32,5.34,9.88,2.21,2.1,1.77,0.2,0.2,12.09,7.77,6.38,7.78,1.79,0.2449,0.7682,0.0962,0.1619,0.6255,0.1609,0.1063,0.1336,0.5405,0.2126,0.1791,0.0202,0.0202,0.7864,0.6457,0.7874,0.1812,0.2002,0.6278,0.0786,0.1323,0.5112,0.1315,0.0868,0.1092,0.4417,0.1737,0.1464,0.0165,0.0165,0.6427,0.5277,0.6435,0.1481,0.3188,0.1252,0.2108,0.8142,0.2095,0.1383,0.1739,0.7036,1.3017,0.2912,0.2767,0.2332,0.0264,0.0264,1.5929,1.0237,0.8406,1.025,0.2358,0.0826,0.2105,0.125,0.0324,0.1258,0.1905,0.1515,0.0375,0.0905,0.0952,0.113,1.0,0.0257,0.0313,0.0257,0.1117,3.1364,0.3926,0.6612,2.5537,0.657,0.4339,0.5455,2.2066,4.0826,0.9132,0.8678,0.7314,0.0826,4.9959,3.2107,2.6364,3.2149,0.7397,0.1966,0.1646,0.2046,0.7954
18,Cortical GM (left),10.97,10.48,5.9,10.02,2.55,1.64,6.92,0.97,1.9,8.13,2.35,0.84,0.79,5.06,9.16,1.8,1.96,2.31,0.2,0.2,10.97,10.48,5.9,10.03,2.55,0.179,0.7555,0.1059,0.2074,0.8876,0.2566,0.0917,0.0862,0.5524,0.214,0.2522,0.0218,0.0218,1.1441,0.6441,1.095,0.2784,0.1495,0.6308,0.0884,0.1732,0.7411,0.2142,0.0766,0.072,0.4613,0.1787,0.2106,0.0182,0.0182,0.9553,0.5378,0.9143,0.2325,0.237,0.1402,0.2746,1.1749,0.3396,0.1214,0.1142,0.7312,1.3237,0.2601,0.2832,0.3338,0.0289,0.0289,1.5853,1.5145,0.8526,1.4494,0.3685,0.122,0.2062,0.1053,0.0246,0.0851,0.2381,0.2532,0.0395,0.1111,0.102,0.0866,1.0,0.0191,0.0339,0.0199,0.0784,4.2195,0.5915,1.1585,4.9573,1.4329,0.5122,0.4817,3.0854,5.5854,1.0976,1.1951,1.4085,0.122,6.689,6.3902,3.5976,6.1159,1.5549,0.166,0.1424,0.2242,0.7758
19,Cortical GM (right),11.4,10.67,6.35,10.31,2.52,1.75,7.25,1.0,1.96,8.35,2.32,0.85,0.8,5.49,9.52,1.89,1.87,2.43,0.2,0.2,11.4,10.67,6.35,10.31,2.52,0.1838,0.7616,0.105,0.2059,0.8771,0.2437,0.0893,0.084,0.5767,0.1964,0.2553,0.021,0.021,1.1208,0.667,1.083,0.2647,0.1535,0.636,0.0877,0.1719,0.7325,0.2035,0.0746,0.0702,0.4816,0.164,0.2132,0.0175,0.0175,0.936,0.557,0.9044,0.2211,0.2414,0.1379,0.2703,1.1517,0.32,0.1172,0.1103,0.7572,1.3131,0.2607,0.2579,0.3352,0.0276,0.0276,1.5724,1.4717,0.8759,1.4221,0.3476,0.1143,0.2,0.102,0.024,0.0862,0.2353,0.25,0.0364,0.1058,0.107,0.0823,1.0,0.0187,0.0315,0.0194,0.0794,4.1429,0.5714,1.12,4.7714,1.3257,0.4857,0.4571,3.1371,5.44,1.08,1.0686,1.3886,0.1143,6.5143,6.0971,3.6286,5.8914,1.44,0.1548,0.1339,0.2174,0.7826
20,Cortical GM (bilateral),11.17,10.56,6.1,10.16,2.53,1.69,7.07,0.98,1.92,8.23,2.33,0.84,0.79,5.26,9.33,1.84,1.91,2.36,0.2,0.2,11.17,10.56,6.1,10.15,2.53,0.1811,0.7578,0.105,0.2058,0.8821,0.2497,0.09,0.0847,0.5638,0.2047,0.2529,0.0214,0.0214,1.1318,0.6538,1.0879,0.2712,0.1513,0.6329,0.0877,0.1719,0.7368,0.2086,0.0752,0.0707,0.4709,0.171,0.2113,0.0179,0.0179,0.9454,0.5461,0.9087,0.2265,0.239,0.1386,0.2716,1.1641,0.3296,0.1188,0.1117,0.744,1.3197,0.2603,0.2702,0.3338,0.0283,0.0283,1.5799,1.4936,0.8628,1.4356,0.3579,0.1183,0.2041,0.1042,0.0243,0.0858,0.2381,0.2532,0.038,0.1087,0.1047,0.0847,1.0,0.0189,0.0328,0.0197,0.0791,4.1834,0.5799,1.1361,4.8698,1.3787,0.497,0.4675,3.1124,5.5207,1.0888,1.1302,1.3964,0.1183,6.6095,6.2485,3.6095,6.0059,1.497,0.1597,0.1377,0.2206,0.7794
21,Cortical GM+ subcortical WM (left),11.36,10.11,5.98,9.71,2.42,1.78,7.09,0.99,1.82,7.89,2.22,0.88,0.85,5.11,9.49,1.87,1.95,2.21,0.2,0.2,11.36,10.11,5.98,9.71,2.42,0.1876,0.7471,0.1043,0.1918,0.8314,0.2339,0.0927,0.0896,0.5385,0.2055,0.2329,0.0211,0.0211,1.0653,0.6301,1.0232,0.255,0.1567,0.6241,0.0871,0.1602,0.6945,0.1954,0.0775,0.0748,0.4498,0.1717,0.1945,0.0176,0.0176,0.89,0.5264,0.8548,0.213,0.2511,0.1396,0.2567,1.1128,0.3131,0.1241,0.1199,0.7207,1.3385,0.2638,0.275,0.3117,0.0282,0.0282,1.6023,1.426,0.8434,1.3695,0.3413,0.1124,0.202,0.1099,0.0253,0.0901,0.2273,0.2353,0.0391,0.107,0.1026,0.0905,1.0,0.0198,0.0334,0.0206,0.0826,3.9831,0.5562,1.0225,4.4326,1.2472,0.4944,0.4775,2.8708,5.3315,1.0506,1.0955,1.2416,0.1124,6.382,5.6798,3.3596,5.4551,1.3596,0.1722,0.1472,0.2196,0.7804
22,Cortical GM+ subcortical WM (right),11.52,10.12,6.29,9.83,2.34,1.86,7.25,0.99,1.85,7.98,2.14,0.87,0.85,5.41,9.6,1.92,1.85,2.24,0.2,0.2,11.52,10.12,6.29,9.83,2.34,0.1938,0.7552,0.1031,0.1927,0.8312,0.2229,0.0906,0.0885,0.5635,0.1927,0.2333,0.0208,0.0208,1.0542,0.6552,1.024,0.2438,0.1615,0.6293,0.0859,0.1606,0.6927,0.1858,0.0755,0.0738,0.4696,0.1606,0.1944,0.0174,0.0174,0.8785,0.546,0.8533,0.2031,0.2566,0.1366,0.2552,1.1007,0.2952,0.12,0.1172,0.7462,1.3241,0.2648,0.2552,0.309,0.0276,0.0276,1.589,1.3959,0.8676,1.3559,0.3228,0.1075,0.202,0.1081,0.0251,0.0935,0.2299,0.2353,0.037,0.1042,0.1081,0.0893,1.0,0.0198,0.0318,0.0203,0.0855,3.8978,0.5323,0.9946,4.2903,1.1505,0.4677,0.457,2.9086,5.1613,1.0323,0.9946,1.2043,0.1075,6.1935,5.4409,3.3817,5.2849,1.2581,0.1608,0.1383,0.2115,0.7885
23,Cortical GM+ subcortical WM (bilateral),11.43,10.11,6.13,9.77,2.38,1.81,7.16,0.98,1.83,7.93,2.18,0.87,0.85,5.25,9.54,1.89,1.9,2.22,0.2,0.2,11.43,10.11,6.13,9.76,2.38,0.1897,0.7505,0.1027,0.1918,0.8312,0.2285,0.0912,0.0891,0.5503,0.1992,0.2327,0.021,0.021,1.0597,0.6426,1.0231,0.2495,0.1584,0.6264,0.0857,0.1601,0.6938,0.1907,0.0761,0.0744,0.4593,0.1662,0.1942,0.0175,0.0175,0.8845,0.5363,0.8539,0.2082,0.2528,0.1369,0.2556,1.1075,0.3045,0.1215,0.1187,0.7332,1.3324,0.264,0.2654,0.3101,0.0279,0.0279,1.5964,1.412,0.8561,1.3631,0.3324,0.1105,0.2041,0.1093,0.0252,0.0917,0.2299,0.2353,0.0381,0.1058,0.1053,0.0901,1.0,0.0198,0.0326,0.0205,0.084,3.9558,0.5414,1.011,4.3812,1.2044,0.4807,0.4696,2.9006,5.2707,1.0442,1.0497,1.2265,0.1105,6.3149,5.5856,3.3867,5.3923,1.3149,0.1657,0.1419,0.2156,0.7844
24,Subcortical GM (left),11.64,10.62,6.54,10.1,2.62,2.32,8.61,1.17,1.89,8.2,2.42,0.96,1.43,5.58,9.5,2.13,2.53,2.27,0.2,0.2,11.64,10.62,6.54,10.09,2.62,0.2442,0.9063,0.1232,0.1989,0.8632,0.2547,0.1011,0.1505,0.5874,0.2663,0.2389,0.0211,0.0211,1.1179,0.6884,1.0621,0.2758,0.1993,0.7397,0.1005,0.1624,0.7045,0.2079,0.0825,0.1229,0.4794,0.2174,0.195,0.0172,0.0172,0.9124,0.5619,0.8668,0.2251,0.2695,0.1359,0.2195,0.9524,0.2811,0.1115,0.1661,0.6481,1.1034,0.2474,0.2938,0.2636,0.0232,0.0232,1.3519,1.2334,0.7596,1.1719,0.3043,0.0862,0.1709,0.1058,0.0244,0.0826,0.2083,0.1399,0.0358,0.0939,0.0791,0.0881,1.0,0.0188,0.0306,0.0198,0.0763,3.7112,0.5043,0.8147,3.5345,1.0431,0.4138,0.6164,2.4052,4.0948,0.9181,1.0905,0.9784,0.0862,5.0172,4.5776,2.819,4.3491,1.1293,0.172,0.1468,0.2279,0.7721
25,Subcortical GM (right),9.65,9.64,5.88,9.22,2.6,2.02,7.4,0.94,1.98,7.24,2.4,0.89,1.33,4.99,7.83,1.82,2.36,1.9,0.2,0.2,9.65,9.64,5.88,9.22,2.6,0.258,0.9451,0.1201,0.2529,0.9246,0.3065,0.1137,0.1699,0.6373,0.3014,0.2427,0.0255,0.0255,1.2312,0.751,1.1775,0.3321,0.2093,0.7668,0.0974,0.2052,0.7503,0.2487,0.0922,0.1378,0.5171,0.2446,0.1969,0.0207,0.0207,0.999,0.6093,0.9554,0.2694,0.273,0.127,0.2676,0.9784,0.3243,0.1203,0.1797,0.6743,1.0581,0.2459,0.3189,0.2568,0.027,0.027,1.3041,1.3027,0.7946,1.2459,0.3514,0.099,0.2128,0.101,0.0276,0.0833,0.2247,0.1504,0.0401,0.1099,0.0847,0.1053,1.0,0.0207,0.034,0.0217,0.0769,3.6634,0.4653,0.9802,3.5842,1.1881,0.4406,0.6584,2.4703,3.8762,0.901,1.1683,0.9406,0.099,4.7772,4.7723,2.9109,4.5644,1.2871,0.1784,0.1514,0.249,0.751
26,Subcortical GM (bilateral),10.62,10.12,6.2,9.65,2.6,2.17,7.99,1.05,1.93,7.72,2.4,0.92,1.37,5.28,8.66,1.95,2.44,2.07,0.2,0.2,10.62,10.12,6.2,9.65,2.6,0.2506,0.9226,0.1212,0.2229,0.8915,0.2771,0.1062,0.1582,0.6097,0.2818,0.239,0.0231,0.0231,1.1686,0.7159,1.1143,0.3002,0.2043,0.7524,0.0989,0.1817,0.7269,0.226,0.0866,0.129,0.4972,0.2298,0.1949,0.0188,0.0188,0.9529,0.5838,0.9087,0.2448,0.2716,0.1314,0.2416,0.9662,0.3004,0.1151,0.1715,0.6608,1.0839,0.2441,0.3054,0.2591,0.025,0.025,1.3292,1.2666,0.776,1.2078,0.3254,0.0922,0.1905,0.1036,0.0259,0.0833,0.2174,0.146,0.0379,0.1026,0.082,0.0966,1.0,0.0198,0.0323,0.0207,0.0769,3.682,0.4839,0.8894,3.5576,1.106,0.424,0.6313,2.4332,3.9908,0.8986,1.1244,0.9539,0.0922,4.894,4.6636,2.8571,4.447,1.1982,0.1742,0.1484,0.2372,0.7628
27,Auditory subcortex WM,10.34,10.76,5.93,9.79,2.82,1.91,7.13,0.86,1.65,8.14,2.62,0.79,0.95,5.13,8.81,1.53,2.18,2.07,0.2,0.2,10.34,10.76,5.93,9.79,2.82,0.2168,0.8093,0.0976,0.1873,0.924,0.2974,0.0897,0.1078,0.5823,0.2474,0.235,0.0227,0.0227,1.2213,0.6731,1.1112,0.3201,0.1847,0.6896,0.0832,0.1596,0.7872,0.2534,0.0764,0.0919,0.4961,0.2108,0.2002,0.0193,0.0193,1.0406,0.5735,0.9468,0.2727,0.2679,0.1206,0.2314,1.1417,0.3675,0.1108,0.1332,0.7195,1.2356,0.2146,0.3058,0.2903,0.0281,0.0281,1.4502,1.5091,0.8317,1.3731,0.3955,0.1047,0.2326,0.1212,0.0246,0.0763,0.2532,0.2105,0.039,0.1307,0.0917,0.0966,1.0,0.0186,0.0337,0.0204,0.0709,3.733,0.4503,0.8639,4.2618,1.3717,0.4136,0.4974,2.6859,4.6126,0.801,1.1414,1.0838,0.1047,5.4136,5.6335,3.1047,5.1257,1.4764,0.154,0.1332,0.2435,0.7565
28,Auditory  cortex GM,9.58,10.74,5.62,9.74,2.84,1.67,6.69,0.8,1.64,8.1,2.64,0.74,0.83,4.88,8.13,1.45,2.05,2.22,0.2,0.2,9.58,10.74,5.62,9.74,2.84,0.2054,0.8229,0.0984,0.2017,0.9963,0.3247,0.091,0.1021,0.6002,0.2522,0.2731,0.0246,0.0246,1.321,0.6913,1.198,0.3493,0.1743,0.6983,0.0835,0.1712,0.8455,0.2756,0.0772,0.0866,0.5094,0.214,0.2317,0.0209,0.0209,1.1211,0.5866,1.0167,0.2965,0.2496,0.1196,0.2451,1.2108,0.3946,0.1106,0.1241,0.7294,1.2152,0.2167,0.3064,0.3318,0.0299,0.0299,1.432,1.6054,0.8401,1.4559,0.4245,0.1198,0.25,0.122,0.0247,0.0758,0.2703,0.241,0.041,0.1379,0.0976,0.0901,1.0,0.0186,0.0356,0.0205,0.0704,4.006,0.479,0.982,4.8503,1.5808,0.4431,0.497,2.9222,4.8683,0.8683,1.2275,1.3293,0.1198,5.7365,6.4311,3.3653,5.8323,1.7006,0.1516,0.1317,0.2458,0.7542
29,Auditory cortex/subcortex GM+WM,9.93,10.74,5.76,9.75,2.83,1.78,6.89,0.83,1.64,8.11,2.63,0.77,0.89,4.99,8.44,1.48,2.11,2.15,0.2,0.2,9.93,10.74,5.76,9.75,2.83,0.2109,0.8164,0.0983,0.1943,0.9609,0.3116,0.0912,0.1055,0.5912,0.25,0.2547,0.0237,0.0237,1.2725,0.6825,1.1552,0.3353,0.1793,0.6939,0.0836,0.1652,0.8167,0.2649,0.0775,0.0896,0.5025,0.2125,0.2165,0.0201,0.0201,1.0816,0.5801,0.9819,0.285,0.2583,0.1205,0.238,1.1771,0.3817,0.1118,0.1292,0.7242,1.225,0.2148,0.3062,0.312,0.029,0.029,1.4412,1.5588,0.836,1.4151,0.4107,0.1124,0.241,0.122,0.0247,0.076,0.2597,0.2247,0.0401,0.1351,0.0948,0.093,1.0,0.0186,0.0347,0.0205,0.0707,3.8708,0.4663,0.9213,4.5562,1.4775,0.4326,0.5,2.8034,4.7416,0.8315,1.1854,1.2079,0.1124,5.5787,6.0337,3.236,5.4775,1.5899,0.1543,0.1337,0.2449,0.7551
30,Occipital subcortex WM,10.62,8.79,5.49,8.64,2.31,1.61,6.61,0.91,1.96,6.68,2.11,0.9,0.91,4.59,8.83,1.79,2.0,1.87,0.2,0.2,10.62,8.79,5.49,8.64,2.31,0.1823,0.7486,0.1031,0.222,0.7565,0.239,0.1019,0.1031,0.5198,0.2265,0.2118,0.0227,0.0227,0.9955,0.6217,0.9785,0.2616,0.1516,0.6224,0.0857,0.1846,0.629,0.1987,0.0847,0.0857,0.4322,0.1883,0.1761,0.0188,0.0188,0.8277,0.5169,0.8136,0.2175,0.2436,0.1377,0.2965,1.0106,0.3192,0.1362,0.1377,0.6944,1.3359,0.2708,0.3026,0.2829,0.0303,0.0303,1.6067,1.3298,0.8306,1.3071,0.3495,0.1242,0.2198,0.102,0.0299,0.0948,0.2222,0.2198,0.0436,0.1117,0.1,0.107,1.0,0.0228,0.0364,0.0231,0.0866,4.1056,0.5652,1.2174,4.1491,1.3106,0.559,0.5652,2.8509,5.4845,1.1118,1.2422,1.1615,0.1242,6.5963,5.4596,3.4099,5.3665,1.4348,0.1961,0.1639,0.24,0.76
31,Occipital  cortex GM,10.35,9.57,5.41,9.34,2.5,1.46,6.55,0.91,2.07,7.26,2.3,0.84,0.82,4.57,8.58,1.77,1.99,2.11,0.2,0.2,10.35,9.57,5.41,9.33,2.5,0.1702,0.7634,0.1061,0.2413,0.8462,0.2681,0.0979,0.0956,0.5326,0.2319,0.2459,0.0233,0.0233,1.1154,0.6305,1.0874,0.2914,0.1411,0.6329,0.0879,0.2,0.7014,0.2222,0.0812,0.0792,0.4415,0.1923,0.2039,0.0193,0.0193,0.9246,0.5227,0.9014,0.2415,0.2229,0.1389,0.316,1.1084,0.3511,0.1282,0.1252,0.6977,1.3099,0.2702,0.3038,0.3221,0.0305,0.0305,1.5802,1.4611,0.826,1.4244,0.3817,0.137,0.2198,0.0966,0.0275,0.087,0.2381,0.2439,0.0438,0.113,0.1005,0.0948,1.0,0.0209,0.037,0.0214,0.08,4.4863,0.6233,1.4178,4.9726,1.5753,0.5753,0.5616,3.1301,5.8767,1.2123,1.363,1.4452,0.137,7.089,6.5548,3.7055,6.3904,1.7123,0.1838,0.1553,0.2403,0.7586
32,Occipital cortex/subcortex GM+WM,10.49,9.14,5.45,8.96,2.39,1.54,6.58,0.91,2.01,6.95,2.19,0.87,0.87,4.58,8.71,1.78,1.99,1.98,0.2,0.2,10.49,9.14,5.45,8.96,2.39,0.1768,0.7555,0.1045,0.2308,0.7979,0.2514,0.0999,0.0999,0.5258,0.2285,0.2273,0.023,0.023,1.0494,0.6257,1.0287,0.2744,0.1468,0.6273,0.0867,0.1916,0.6625,0.2088,0.0829,0.0829,0.4366,0.1897,0.1888,0.0191,0.0191,0.8713,0.5195,0.8541,0.2278,0.234,0.1383,0.3055,1.0562,0.3328,0.1322,0.1322,0.696,1.3237,0.2705,0.3024,0.3009,0.0304,0.0304,1.5942,1.3891,0.8283,1.3617,0.3632,0.1299,0.2198,0.0995,0.0288,0.0913,0.2299,0.2299,0.0437,0.1124,0.1005,0.101,1.0,0.0219,0.0367,0.0223,0.0837,4.2727,0.5909,1.3052,4.513,1.4221,0.5649,0.5649,2.974,5.6558,1.1558,1.2922,1.2857,0.1299,6.8117,5.9351,3.539,5.8182,1.5519,0.19,0.1596,0.2396,0.7604
33,Temporal subcortex WM,10.22,9.62,5.65,8.85,2.52,1.95,6.89,0.9,1.55,7.3,2.32,0.83,0.94,4.83,8.56,1.66,2.0,1.97,0.2,0.2,10.22,9.62,5.65,8.85,2.52,0.2278,0.8049,0.1051,0.1811,0.8528,0.271,0.097,0.1098,0.5643,0.2336,0.2301,0.0234,0.0234,1.1238,0.66,1.0339,0.2944,0.1908,0.6742,0.0881,0.1517,0.7143,0.227,0.0812,0.092,0.4726,0.1957,0.1928,0.0196,0.0196,0.9413,0.5528,0.8659,0.2466,0.283,0.1306,0.225,1.0595,0.3367,0.1205,0.1364,0.701,1.2424,0.2409,0.2903,0.2859,0.029,0.029,1.4833,1.3962,0.82,1.2845,0.3657,0.1026,0.2222,0.129,0.0274,0.0862,0.241,0.2128,0.0414,0.1205,0.1,0.1015,1.0,0.0208,0.0354,0.0226,0.0794,3.5333,0.4615,0.7949,3.7436,1.1897,0.4256,0.4821,2.4769,4.3897,0.8513,1.0256,1.0103,0.1026,5.241,4.9333,2.8974,4.5385,1.2923,0.1718,0.1469,0.2412,0.7588
34,Temporal cortex/subcortex GM+WM,9.96,9.9,5.62,9.05,2.62,1.84,6.74,0.87,1.58,7.47,2.42,0.81,0.88,4.82,8.33,1.63,1.99,2.08,0.2,0.2,9.96,9.9,5.62,9.05,2.62,0.2209,0.8091,0.1044,0.1897,0.8968,0.2905,0.0972,0.1056,0.5786,0.2389,0.2497,0.024,0.024,1.1885,0.6747,1.0864,0.3145,0.1847,0.6767,0.0873,0.1586,0.75,0.243,0.0813,0.0884,0.4839,0.1998,0.2088,0.0201,0.0201,0.994,0.5643,0.9086,0.2631,0.273,0.1291,0.2344,1.1083,0.3591,0.1202,0.1306,0.7151,1.2359,0.2418,0.2953,0.3086,0.0297,0.0297,1.4777,1.4688,0.8338,1.3427,0.3887,0.1087,0.2299,0.1266,0.0268,0.0826,0.2469,0.2273,0.0415,0.1227,0.1005,0.0962,1.0,0.0202,0.0356,0.0221,0.0763,3.663,0.4728,0.8587,4.0598,1.3152,0.4402,0.4783,2.6196,4.5272,0.8859,1.0815,1.1304,0.1087,5.413,5.3804,3.0543,4.9185,1.4239,0.168,0.1441,0.2444,0.7545
35,Frontal subcortex WM,11.85,10.09,6.07,9.7,2.29,1.99,7.39,0.99,1.71,7.99,2.09,0.87,0.95,5.2,9.91,1.93,1.93,2.17,0.2,0.2,11.85,10.09,6.07,9.7,2.29,0.2008,0.7457,0.0999,0.1726,0.8063,0.2109,0.0878,0.0959,0.5247,0.1948,0.219,0.0202,0.0202,1.0182,0.6125,0.9788,0.2311,0.1679,0.6236,0.0835,0.1443,0.6743,0.1764,0.0734,0.0802,0.4388,0.1629,0.1831,0.0169,0.0169,0.8515,0.5122,0.8186,0.1932,0.2693,0.134,0.2314,1.0812,0.2828,0.1177,0.1286,0.7037,1.341,0.2612,0.2612,0.2936,0.0271,0.0271,1.6035,1.3654,0.8214,1.3126,0.3099,0.1005,0.202,0.117,0.025,0.0957,0.2299,0.2105,0.0385,0.1036,0.1036,0.0922,1.0,0.0198,0.0329,0.0206,0.0873,3.7136,0.4975,0.8593,4.0151,1.0503,0.4372,0.4774,2.6131,4.9799,0.9698,0.9698,1.0905,0.1005,5.9548,5.0704,3.0503,4.8744,1.1508,0.1673,0.1433,0.2071,0.7919
36,Frontal  cortex GM,11.29,10.58,6.01,10.12,2.49,1.74,6.98,0.95,1.84,8.29,2.29,0.78,0.87,5.22,9.44,1.85,1.96,2.39,0.2,0.2,11.29,10.58,6.01,10.13,2.49,0.1843,0.7394,0.1006,0.1949,0.8782,0.2426,0.0826,0.0922,0.553,0.2076,0.2532,0.0212,0.0212,1.1208,0.6367,1.0731,0.2638,0.1541,0.6182,0.0841,0.163,0.7343,0.2028,0.0691,0.0771,0.4624,0.1736,0.2117,0.0177,0.0177,0.9371,0.5323,0.8973,0.2205,0.2493,0.1361,0.2636,1.1877,0.3281,0.1117,0.1246,0.7479,1.3524,0.265,0.2808,0.3424,0.0287,0.0287,1.6175,1.5158,0.861,1.4513,0.3567,0.1149,0.2105,0.1087,0.0241,0.0873,0.2564,0.2299,0.0383,0.1081,0.102,0.0837,1.0,0.0189,0.0333,0.0197,0.0803,4.0115,0.546,1.0575,4.7644,1.3161,0.4483,0.5,3.0,5.4253,1.0632,1.1264,1.3736,0.1149,6.4885,6.0805,3.454,5.8218,1.431,0.1494,0.1298,0.2164,0.7836
37,Frontal cortex/subcortex GM+WM,11.6,10.3,6.04,9.88,2.38,1.88,7.21,0.97,1.76,8.12,2.18,0.83,0.92,5.21,9.7,1.9,1.94,2.27,0.2,0.2,11.6,10.3,6.04,9.88,2.38,0.1938,0.7433,0.1,0.1814,0.8371,0.2247,0.0856,0.0948,0.5371,0.2,0.234,0.0206,0.0206,1.0619,0.6227,1.0186,0.2454,0.1621,0.6216,0.0836,0.1517,0.7,0.1879,0.0716,0.0793,0.4491,0.1672,0.1957,0.0172,0.0172,0.8879,0.5207,0.8517,0.2052,0.2607,0.1345,0.2441,1.1262,0.3024,0.1151,0.1276,0.7226,1.3454,0.2635,0.2691,0.3148,0.0277,0.0277,1.6089,1.4286,0.8377,1.3703,0.3301,0.1064,0.2062,0.1136,0.0246,0.0917,0.241,0.2174,0.0384,0.1053,0.1031,0.0881,1.0,0.0194,0.0331,0.0202,0.084,3.8351,0.516,0.9362,4.3191,1.1596,0.4415,0.4894,2.7713,5.1596,1.0106,1.0319,1.2074,0.1064,6.1702,5.4787,3.2128,5.2553,1.266,0.1593,0.1374,0.2117,0.7883
38,Visual  cortex GM,11.12,9.57,5.42,9.22,2.49,1.37,6.74,1.02,1.94,7.28,2.29,0.9,0.81,4.53,9.17,1.95,2.15,2.08,0.2,0.2,11.12,9.57,5.42,9.22,2.49,0.1494,0.735,0.1112,0.2116,0.7939,0.2497,0.0981,0.0883,0.494,0.2345,0.2268,0.0218,0.0218,1.0436,0.5911,1.0055,0.2715,0.1232,0.6061,0.0917,0.1745,0.6547,0.2059,0.0809,0.0728,0.4074,0.1933,0.1871,0.018,0.018,0.8606,0.4874,0.8291,0.2239,0.2033,0.1513,0.2878,1.0801,0.3398,0.1335,0.1202,0.6721,1.3605,0.2893,0.319,0.3086,0.0297,0.0297,1.6499,1.4199,0.8042,1.368,0.3694,0.146,0.1961,0.1031,0.0275,0.0873,0.2222,0.2469,0.0442,0.1026,0.093,0.0962,1.0,0.0209,0.0369,0.0217,0.0803,4.9197,0.7445,1.4161,5.3139,1.6715,0.6569,0.5912,3.3066,6.6934,1.4234,1.5693,1.5182,0.146,8.1168,6.9854,3.9562,6.7299,1.8175,0.1987,0.1661,0.2393,0.7607
39,Visual cortex/subcortex GM+WM,11.18,9.06,5.49,8.82,2.36,1.46,6.73,0.99,1.93,6.9,2.16,0.93,0.87,4.56,9.23,1.94,2.11,1.96,0.2,0.2,11.18,9.06,5.49,8.83,2.36,0.1582,0.7291,0.1073,0.2091,0.7476,0.234,0.1008,0.0943,0.494,0.2286,0.2124,0.0217,0.0217,0.9816,0.5948,0.9567,0.2557,0.1306,0.602,0.0886,0.1726,0.6172,0.1932,0.0832,0.0778,0.4079,0.1887,0.1753,0.0179,0.0179,0.8104,0.4911,0.7898,0.2111,0.2169,0.1471,0.2868,1.0253,0.321,0.1382,0.1293,0.6776,1.3715,0.2883,0.3135,0.2912,0.0297,0.0297,1.6612,1.3462,0.8158,1.312,0.3507,0.137,0.202,0.1036,0.029,0.0926,0.2151,0.2299,0.0439,0.1031,0.0948,0.102,1.0,0.0221,0.0364,0.0227,0.0847,4.6096,0.6781,1.3219,4.726,1.4795,0.637,0.5959,3.1233,6.3219,1.3288,1.4452,1.3425,0.137,7.6575,6.2055,3.7603,6.0479,1.6164,0.2039,0.1694,0.2384,0.7616
40,Primary somatosensory  cortex GM,11.34,10.1,5.99,9.54,2.39,1.57,7.22,1.11,1.62,7.91,2.19,0.87,0.59,5.11,9.37,1.97,1.72,2.37,0.2,0.2,11.34,10.1,5.99,9.53,2.39,0.1676,0.7705,0.1185,0.1729,0.8442,0.2337,0.0928,0.063,0.5454,0.1836,0.2529,0.0213,0.0213,1.0779,0.6393,1.0171,0.2551,0.1384,0.6367,0.0979,0.1429,0.6975,0.1931,0.0767,0.052,0.4506,0.1517,0.209,0.0176,0.0176,0.8907,0.5282,0.8404,0.2108,0.2175,0.1537,0.2244,1.0956,0.3033,0.1205,0.0817,0.7078,1.2978,0.2729,0.2382,0.3283,0.0277,0.0277,1.5706,1.3989,0.8296,1.3199,0.331,0.1274,0.1802,0.1235,0.0253,0.0913,0.2299,0.339,0.0391,0.1015,0.1163,0.0844,1.0,0.0198,0.0334,0.021,0.0837,4.5987,0.707,1.0318,5.0382,1.3949,0.5541,0.3758,3.2548,5.9682,1.2548,1.0955,1.5096,0.1274,7.2229,6.4331,3.8153,6.0701,1.5223,0.1703,0.1452,0.2168,0.7832
41,Pallidum,10.39,11.07,5.22,10.58,3.09,2.11,8.88,1.05,2.41,8.18,2.89,0.91,1.63,4.31,8.43,1.95,2.85,2.01,0.2,0.2,10.39,11.07,5.22,10.59,3.09,0.2503,1.0534,0.1246,0.2859,0.9703,0.3428,0.1079,0.1934,0.5113,0.3381,0.2384,0.0237,0.0237,1.3132,0.6192,1.2562,0.3665,0.2031,0.8547,0.1011,0.232,0.7873,0.2782,0.0876,0.1569,0.4148,0.2743,0.1935,0.0192,0.0192,1.0654,0.5024,1.0192,0.2974,0.2376,0.1182,0.2714,0.9212,0.3255,0.1025,0.1836,0.4854,0.9493,0.2196,0.3209,0.2264,0.0225,0.0225,1.17,1.2466,0.5878,1.1926,0.348,0.0948,0.1905,0.083,0.0244,0.0692,0.2198,0.1227,0.0464,0.1026,0.0702,0.0995,1.0,0.0181,0.0383,0.0189,0.0647,4.2085,0.4976,1.1422,3.8768,1.3697,0.4313,0.7725,2.0427,3.9953,0.9242,1.3507,0.9526,0.0948,4.9242,5.2464,2.4739,5.019,1.4645,0.2111,0.1743,0.2611,0.7389
42,Hippocampus,8.92,9.18,6.85,8.65,2.55,2.18,7.37,0.82,1.81,6.83,2.35,1.07,1.5,5.78,7.12,1.8,2.06,2.26,0.2,0.44,8.92,9.18,6.85,8.64,2.55,0.3062,1.0351,0.1152,0.2542,0.9593,0.3301,0.1503,0.2107,0.8118,0.2893,0.3174,0.0281,0.0618,1.2893,0.9621,1.2135,0.3581,0.2444,0.8262,0.0919,0.2029,0.7657,0.2635,0.12,0.1682,0.648,0.2309,0.2534,0.0224,0.0493,1.0291,0.7679,0.9686,0.2859,0.2958,0.1113,0.2456,0.9267,0.3189,0.1452,0.2035,0.7843,0.9661,0.2442,0.2795,0.3066,0.0271,0.0597,1.2103,1.2456,0.9294,1.1723,0.346,0.0917,0.2439,0.1105,0.0293,0.0851,0.1869,0.1333,0.0346,0.1111,0.0971,0.0885,0.4545,0.0218,0.0292,0.0231,0.0784,3.3807,0.3761,0.8303,3.133,1.078,0.4908,0.6881,2.6514,3.2661,0.8257,0.945,1.0367,0.2018,4.0917,4.211,3.1422,3.9633,1.1697,0.1851,0.1562,0.256,0.744
43,Corpus callosum,11.51,8.37,6.35,8.31,2.04,2.07,5.93,1.02,1.77,6.54,1.84,1.1,1.27,5.25,9.5,2.01,2.18,1.86,0.2,0.45,11.51,8.37,6.35,8.31,2.04,0.2179,0.6242,0.1074,0.1863,0.6884,0.1937,0.1158,0.1337,0.5526,0.2295,0.1958,0.0211,0.0474,0.8811,0.6684,0.8747,0.2147,0.1798,0.5152,0.0886,0.1538,0.5682,0.1599,0.0956,0.1103,0.4561,0.1894,0.1616,0.0174,0.0391,0.7272,0.5517,0.722,0.1772,0.3491,0.172,0.2985,1.1029,0.3103,0.1855,0.2142,0.8853,1.602,0.339,0.3676,0.3137,0.0337,0.0759,1.941,1.4115,1.0708,1.4013,0.344,0.0966,0.1961,0.113,0.0306,0.1087,0.1818,0.1575,0.0381,0.0995,0.0917,0.1075,0.4444,0.0239,0.0315,0.0241,0.098,2.8647,0.4928,0.8551,3.1594,0.8889,0.5314,0.6135,2.5362,4.5894,0.971,1.0531,0.8986,0.2174,5.5604,4.0435,3.0676,4.0145,0.9855,0.2095,0.1732,0.2198,0.7814
